tabKey,equipmentId,equipmentName,basicInfo,parts,checks
tab1,BCH-1,水冷式儲冰主機,形式=螺旋或離心式|製冷能力=≧ 2180/1406 KW|冷媒種類=環保冷媒 (GWP<1450)|電源=480V / 3Ø / 60Hz|COP=≧ 5.16/3.9,水冷式儲冰主機:1|橡膠式避震墊及摯震裝置:4|性能會驗報告:1,"銘牌規格與設計相符|葉輪 (Impeller)： 須經靜力及動力平衡，並通過 15% 之超速測試證明(提供報告)|軸承 (Bearing)： 滷水機組（BCH）需採用襯套軸承|冷凝器 (Condenser)： 水冷殼管式，2 通（PASS）式，水側設計壓力不小於 1,034 kPa (150 psig)|蒸發器 (Evaporator)： 殼管式，2 通（PASS）式，水側設計壓力不小於 1,034 kPa (150 psig)，且低溫管路需作保溫處理|冷媒系統： 採用環境部認可之環保冷媒。壓縮機出口端需安裝冷媒關斷閥，維修時可將冷媒儲存於冷凝器內|啟動電流： 必須採用變頻啟動，確保起動電流不超過 2A(原廠測試報告)|電流限制： 具備負載限制設定裝置，可手動設定最大運轉電流於滿載電流之 15% 至 100% 之間|馬達保護： 具備防止電源相序逆向運轉保護，且馬達在最大制動馬力下能作 30 分鐘間隔之連續啟停|噪音標準： 全負載噪音不得超過 87 dBA|真空測試： 需使用高真空泵產生 100μm 水柱之真空度，維持 24 小時後之損失不得超過 50μm 水柱(提供報告)|振動標準 壓縮機運轉振動量評估應符合 ISO 10816-1 區域 B 之規定|通訊功能： 支援 MODBUS-RTU、MODBUS-TCP/IP 或 BACnet 開放式通訊協定，並可透過 Web 瀏覽器進行遠端操作管理"
tab1,BCH-2,水冷式儲冰主機,形式=螺旋或離心式|製冷能力=≧ 2180/1406 KW|冷媒種類=環保冷媒 (GWP<1450)|電源=480V / 3Ø / 60Hz|COP=≧ 5.16/3.9,水冷式儲冰主機:1|橡膠式避震墊及摯震裝置:4|性能會驗報告:1,"銘牌規格與設計相符|葉輪 (Impeller)： 須經靜力及動力平衡，並通過 15% 之超速測試證明(提供報告)|軸承 (Bearing)： 滷水機組（BCH）需採用襯套軸承|冷凝器 (Condenser)： 水冷殼管式，2 通（PASS）式，水側設計壓力不小於 1,034 kPa (150 psig)|蒸發器 (Evaporator)： 殼管式，2 通（PASS）式，水側設計壓力不小於 1,034 kPa (150 psig)，且低溫管路需作保溫處理|冷媒系統： 採用環境部認可之環保冷媒。壓縮機出口端需安裝冷媒關斷閥，維修時可將冷媒儲存於冷凝器內|啟動電流： 必須採用變頻啟動，確保起動電流不超過 2A(原廠測試報告)|電流限制： 具備負載限制設定裝置，可手動設定最大運轉電流於滿載電流之 15% 至 100% 之間|馬達保護： 具備防止電源相序逆向運轉保護，且馬達在最大制動馬力下能作 30 分鐘間隔之連續啟停|噪音標準： 全負載噪音不得超過 87 dBA|真空測試： 需使用高真空泵產生 100μm 水柱之真空度，維持 24 小時後之損失不得超過 50μm 水柱(提供報告)|振動標準：壓縮機運轉振動量評估應符合 ISO 10816-1 區域 B 之規定|通訊功能： 支援 MODBUS-RTU、MODBUS-TCP/IP 或 BACnet 開放式通訊協定，並可透過 Web 瀏覽器進行遠端操作管理"
tab1,滷水管線工程,滷水管線工程,滷水管線工程,不鏽鋼蝶閥 Φ250:27|不鏽鋼蝶閥 Φ300:15|不鏽鋼蝶閥 Φ350:3|Y型過濾器 Φ250:8|Y型過濾器 Φ300:3|緩衝靜音式逆止閥 Φ250:8|緩衝靜音式逆止閥 Φ300:3|高壓橡膠防震軟管 Φ250:20|高壓橡膠防震軟管 Φ300:10|比例式電動不鏽鋼蝶閥 Φ250:6|比例式電動不鏽鋼蝶閥 Φ350:2|不鏽鋼球塞閥 Φ20:27|不鏽鋼球塞閥 Φ25:4吋|不銹鋼 4吋 溫度計:32|不銹鋼 4吋 充油壓力錶:54|大流量自動釋氣閥 Φ25:4|乙二醇(50GAL):71,銘牌規格與設計相符|管路流向標示|不鏽鋼水管支架
tab1,CH-3,磁浮離心式冰水主機,形式=磁浮離心式|製冷能力=≧ 1406 KW|冷媒種類=環保冷媒 (GWP<1450)|電源=480V / 3Ø / 60Hz|軸承型式=磁浮無油軸承|COP=≧ 7.1,磁浮離心式冰水主機:1|橡膠式避震墊及摯震裝置:4|性能會驗報告:1,"銘牌規格與設計相符|無油磁浮軸承，具備自動對位及內部軸承多點定位偵測器|葉輪須經靜力及動力平衡，並通過 15% 超速測試(提供報告)|冷凝器 (Condenser)： 水冷殼管式，2 通（PASS）式，水側設計壓力不小於 1,034 kPa (150 psig)|蒸發器 (Evaporator)： 殼管式，2 通（PASS）式，水側設計壓力不小於 1,034 kPa (150 psig)，且低溫管路需作保溫處理|冷媒系統： 採用環境部認可之環保冷媒。壓縮機出口端需安裝冷媒關斷閥，維修時可將冷媒儲存於冷凝器內|啟動電流： 必須採用變頻啟動，確保起動電流不超過 2A(原廠測試報告)|電流限制： 具備負載限制設定裝置，可手動設定最大運轉電流於滿載電流之 15% 至 100% 之間|馬達保護： 具備防止電源相序逆向運轉保護，且馬達在最大制動馬力下能作 30 分鐘間隔之連續啟停|噪音標準： 全負載噪音不得超過 87 dBA|真空測試： 需使用高真空泵產生 100μm 水柱之真空度，維持 24 小時後之損失不得超過 50μm 水柱(提供報告)|振動標準： 壓縮機運轉振動量評估應符合 ISO 10816-1 區域 B 之規定|通訊功能： 支援 MODBUS-RTU、MODBUS-TCP/IP 或 BACnet 開放式通訊協定，並可透過 Web 瀏覽器進行遠端操作管理"
tab1,CH-4,磁浮離心式冰水主機,形式=磁浮離心式|製冷能力=≧ 1406 KW|冷媒種類=環保冷媒 (GWP<1450)|電源=480V / 3Ø / 60Hz|軸承型式=磁浮無油軸承|COP=≧ 7.1,磁浮離心式冰水主機:1|橡膠式避震墊及摯震裝置:4|性能會驗報告:1,"銘牌規格與設計相符|無油磁浮軸承，具備自動對位及內部軸承多點定位偵測器|葉輪須經靜力及動力平衡，並通過 15% 超速測試(提供報告)|冷凝器 (Condenser)： 水冷殼管式，2 通（PASS）式，水側設計壓力不小於 1,034 kPa (150 psig)|蒸發器 (Evaporator)： 殼管式，2 通（PASS）式，水側設計壓力不小於 1,034 kPa (150 psig)，且低溫管路需作保溫處理|冷媒系統： 採用環境部認可之環保冷媒。壓縮機出口端需安裝冷媒關斷閥，維修時可將冷媒儲存於冷凝器內|啟動電流： 必須採用變頻啟動，確保起動電流不超過 2A(原廠測試報告)|電流限制： 具備負載限制設定裝置，可手動設定最大運轉電流於滿載電流之 15% 至 100% 之間|馬達保護： 具備防止電源相序逆向運轉保護，且馬達在最大制動馬力下能作 30 分鐘間隔之連續啟停|噪音標準： 全負載噪音不得超過 87 dBA|真空測試： 需使用高真空泵產生 100μm 水柱之真空度，維持 24 小時後之損失不得超過 50μm 水柱(提供報告)|振動標準： 壓縮機運轉振動量評估應符合 ISO 10816-1 區域 B 之規定|通訊功能： 支援 MODBUS-RTU、MODBUS-TCP/IP 或 BACnet 開放式通訊協定，並可透過 Web 瀏覽器進行遠端操作管理"
tab1,冰水/冷卻水管線工程,冰水/冷卻水管線工程,冰水/冷卻水管線工程,"不鏽鋼蝶閥 (齒輪式) Φ200:19|不鏽鋼蝶閥 (齒輪式) Φ250:18|不鏽鋼蝶閥 (齒輪式) Φ300:5|不鏽鋼蝶閥 (齒輪式) Φ350:1|Y型過濾器 Φ50:1|Y型過濾器 Φ65:5|Y型過濾器 Φ200:6|Y型過濾器 Φ250:6|緩衝靜音式逆止閥 Φ200:6|緩衝靜音式逆止閥 Φ250:6|雙瓣式逆止閥 Φ50:1|雙瓣式逆止閥 Φ65:5|高壓橡膠防震軟管 Φ50:2|高壓橡膠防震軟管 Φ65:10|高壓橡膠防震軟管 Φ200:16|高壓橡膠防震軟管 Φ250:16|比例式不鏽鋼蝶閥 Φ200:1|不鏽鋼球塞閥 Φ20:35|不鏽鋼球塞閥 Φ25:6|不鏽鋼球塞閥 Φ50:4|不鏽鋼球塞閥 Φ65:20|不銹鋼 4"" 溫度計:20|不銹鋼 4"" 壓力錶:44|大流量自動釋氣閥 Φ25:6",銘牌規格與設計相符|管路流向標示|不鏽鋼水管支架
tab1,ACH-1-1,氣冷變頻式冰水主機 #1-1,製冷能力=135 kW|輸入功率=45KW|壓縮機=1定2變頻|電源=480V / 3Ø / 60Hz|冷媒=R410a|COP=3,氣冷變頻式冰水主機:1|彈簧式避震器:4|性能會驗報告:1,銘牌規格與設計相符|防蝕處理： 散熱鋁片須進行防蝕處理（如藍色鰭片），底盤與機架應採用耐蝕材質或經防銹處理|變頻調節功能： 主機須具備變頻（Inverter）驅動，可根據空調負載需求自動調整壓縮機轉速，以達到節能效果|保護功能： 需具備高低壓力保護、防凍保護、過載保護、欠相保護及自動復歸功能|避震安裝： 主機須安裝於原廠提供之彈簧式避震器上，以減少運轉振動傳遞至建築結構|空間留設： 散熱進出風口須依原廠要求留設足夠空間，避免熱氣短循環影響效率|真空維持測試，停止泵運轉後維持 24 小時，真空度損失不得超過 50μm 水柱|散熱鰭片的完整性（無倒片或壓傷）|外部電源接線箱的防水等級
tab1,ACH-1-2,氣冷變頻式冰水主機 #1-2,製冷能力=135 kW|輸入功率=45KW|壓縮機=1定2變頻|電源=480V / 3Ø / 60Hz|冷媒=R410a|COP=3,氣冷變頻式冰水主機:1|彈簧式避震器:4,銘牌規格與設計相符|防蝕處理： 散熱鋁片須進行防蝕處理（如藍色鰭片），底盤與機架應採用耐蝕材質或經防銹處理|變頻調節功能： 主機須具備變頻（Inverter）驅動，可根據空調負載需求自動調整壓縮機轉速，以達到節能效果|保護功能： 需具備高低壓力保護、防凍保護、過載保護、欠相保護及自動復歸功能|避震安裝： 主機須安裝於原廠提供之彈簧式避震器上，以減少運轉振動傳遞至建築結構|空間留設： 散熱進出風口須依原廠要求留設足夠空間，避免熱氣短循環影響效率|真空維持測試，停止泵運轉後維持 24 小時，真空度損失不得超過 50μm 水柱|散熱鰭片的完整性（無倒片或壓傷）|外部電源接線箱的防水等級
tab1,ACH-1-3,氣冷變頻式冰水主機 #1-3,製冷能力=135 kW|輸入功率=45KW|壓縮機=1定2變頻|電源=480V / 3Ø / 60Hz|冷媒=R410a|COP=3,氣冷變頻式冰水主機:1|彈簧式避震器:4,銘牌規格與設計相符|防蝕處理： 散熱鋁片須進行防蝕處理（如藍色鰭片），底盤與機架應採用耐蝕材質或經防銹處理|變頻調節功能： 主機須具備變頻（Inverter）驅動，可根據空調負載需求自動調整壓縮機轉速，以達到節能效果|保護功能： 需具備高低壓力保護、防凍保護、過載保護、欠相保護及自動復歸功能|避震安裝： 主機須安裝於原廠提供之彈簧式避震器上，以減少運轉振動傳遞至建築結構|空間留設： 散熱進出風口須依原廠要求留設足夠空間，避免熱氣短循環影響效率|真空維持測試，停止泵運轉後維持 24 小時，真空度損失不得超過 50μm 水柱|散熱鰭片的完整性（無倒片或壓傷）|外部電源接線箱的防水等級
tab1,ACH-1-4,氣冷變頻式冰水主機 #1-4,製冷能力=135 kW|輸入功率=45KW|壓縮機=1定2變頻|電源=480V / 3Ø / 60Hz|冷媒=R410a|COP=3,氣冷變頻式冰水主機:1|彈簧式避震器:4,銘牌規格與設計相符|防蝕處理： 散熱鋁片須進行防蝕處理（如藍色鰭片），底盤與機架應採用耐蝕材質或經防銹處理|變頻調節功能： 主機須具備變頻（Inverter）驅動，可根據空調負載需求自動調整壓縮機轉速，以達到節能效果|保護功能： 需具備高低壓力保護、防凍保護、過載保護、欠相保護及自動復歸功能|避震安裝： 主機須安裝於原廠提供之彈簧式避震器上，以減少運轉振動傳遞至建築結構|空間留設： 散熱進出風口須依原廠要求留設足夠空間，避免熱氣短循環影響效率|真空維持測試，停止泵運轉後維持 24 小時，真空度損失不得超過 50μm 水柱|散熱鰭片的完整性（無倒片或壓傷）|外部電源接線箱的防水等級
tab1,ACH-2,氣冷變頻式冰水主機 #2,製冷能力=102 kW|輸入功率=34KW|壓縮機=1定1變頻|電源=480V / 3Ø / 60Hz|冷媒=R410a|COP=3,氣冷變頻式冰水主機:1|彈簧式避震器:4|性能會驗報告:1,銘牌規格與設計相符|防蝕處理： 散熱鋁片須進行防蝕處理（如藍色鰭片），底盤與機架應採用耐蝕材質或經防銹處理|變頻調節功能： 主機須具備變頻（Inverter）驅動，可根據空調負載需求自動調整壓縮機轉速，以達到節能效果|保護功能： 需具備高低壓力保護、防凍保護、過載保護、欠相保護及自動復歸功能|避震安裝： 主機須安裝於原廠提供之彈簧式避震器上，以減少運轉振動傳遞至建築結構|空間留設： 散熱進出風口須依原廠要求留設足夠空間，避免熱氣短循環影響效率|真空維持測試，停止泵運轉後維持 24 小時，真空度損失不得超過 50μm 水柱|散熱鰭片的完整性（無倒片或壓傷）|外部電源接線箱的防水等級
tab1,ACH-3,氣冷變頻式冰水主機 #3,製冷能力=68 kW|輸入功率=22.7KW|壓縮機=1定1變頻|電源=480V / 3Ø / 60Hz|冷媒=R410a|COP=3,氣冷變頻式冰水主機:1|彈簧式避震器:4|性能會驗報告:1,銘牌規格與設計相符|防蝕處理： 散熱鋁片須進行防蝕處理（如藍色鰭片），底盤與機架應採用耐蝕材質或經防銹處理|變頻調節功能： 主機須具備變頻（Inverter）驅動，可根據空調負載需求自動調整壓縮機轉速，以達到節能效果|保護功能： 需具備高低壓力保護、防凍保護、過載保護、欠相保護及自動復歸功能|避震安裝： 主機須安裝於原廠提供之彈簧式避震器上，以減少運轉振動傳遞至建築結構|空間留設： 散熱進出風口須依原廠要求留設足夠空間，避免熱氣短循環影響效率|真空維持測試，停止泵運轉後維持 24 小時，真空度損失不得超過 50μm 水柱|散熱鰭片的完整性（無倒片或壓傷）|外部電源接線箱的防水等級
tab2,CWP-01,冷卻水泵 #1,流量=7200 LPM|揚程=240 kPa|功率=45KW|效率=82%,泵浦:1|彈簧避震基座(RC型):1|性能會驗報告:1,銘牌規格與設計相符|基礎座水平與防震軟管安裝，底座須裝設排水口，並以配管接至最接近的地板排水|合格之工廠技術人員檢查、定位及簽認文件|機械軸封運轉無漏水|運轉振動值量測 (ISO 10816)|馬達絕緣電阻測試，至少為 1.15，F 級或更好的絕緣|電動機應為全密閉風扇冷卻|管路連接： 鄰接泵浦之管線須獨立支撐，避免重量壓在泵浦身上|原製造廠產品出廠證明，若為進口貨，應提交海關進口證明書|水泵浦流量： 量測值與設計值之差異需在 +10% 以內
tab2,CWP-02,冷卻水泵 #2,流量=7200 LPM|揚程=240 kPa|功率=45KW|效率=82%,泵浦:1|彈簧避震基座(RC型):1,銘牌規格與設計相符|基礎座水平與防震軟管安裝，底座須裝設排水口，並以配管接至最接近的地板排水|合格之工廠技術人員檢查、定位及簽認文件|機械軸封運轉無漏水|運轉振動值量測 (ISO 10816)|馬達絕緣電阻測試，至少為 1.15，F 級或更好的絕緣|電動機應為全密閉風扇冷卻|管路連接： 鄰接泵浦之管線須獨立支撐，避免重量壓在泵浦身上|原製造廠產品出廠證明，若為進口貨，應提交海關進口證明書|水泵浦流量： 量測值與設計值之差異需在 +10% 以內
tab2,CWP-03,冷卻水泵 #3,流量=7200 LPM|揚程=240 kPa|功率=45KW|效率=82%,泵浦:1|彈簧避震基座(RC型):1,銘牌規格與設計相符|基礎座水平與防震軟管安裝，底座須裝設排水口，並以配管接至最接近的地板排水|合格之工廠技術人員檢查、定位及簽認文件|機械軸封運轉無漏水|運轉振動值量測 (ISO 10816)|馬達絕緣電阻測試，至少為 1.15，F 級或更好的絕緣|電動機應為全密閉風扇冷卻|管路連接： 鄰接泵浦之管線須獨立支撐，避免重量壓在泵浦身上|原製造廠產品出廠證明，若為進口貨，應提交海關進口證明書|水泵浦流量： 量測值與設計值之差異需在 +10% 以內
tab2,CWP-04,冷卻水泵 #4,流量=5000 LPM|揚程=240 kPa|功率=30KW|效率=80%,泵浦:1|彈簧避震基座(RC型):1|性能會驗報告:1,銘牌規格與設計相符|基礎座水平與防震軟管安裝，底座須裝設排水口，並以配管接至最接近的地板排水|合格之工廠技術人員檢查、定位及簽認文件|機械軸封運轉無漏水|運轉振動值量測 (ISO 10816)|馬達絕緣電阻測試，至少為 1.15，F 級或更好的絕緣|電動機應為全密閉風扇冷卻|管路連接： 鄰接泵浦之管線須獨立支撐，避免重量壓在泵浦身上|原製造廠產品出廠證明，若為進口貨，應提交海關進口證明書|水泵浦流量： 量測值與設計值之差異需在 +10% 以內
tab2,CWP-05,冷卻水泵 #5,流量=5000 LPM|揚程=240 kPa|功率=30KW|效率=80%,泵浦:1|彈簧避震基座(RC型):1,銘牌規格與設計相符|基礎座水平與防震軟管安裝，底座須裝設排水口，並以配管接至最接近的地板排水|合格之工廠技術人員檢查、定位及簽認文件|機械軸封運轉無漏水|運轉振動值量測 (ISO 10816)|馬達絕緣電阻測試，至少為 1.15，F 級或更好的絕緣|電動機應為全密閉風扇冷卻|管路連接： 鄰接泵浦之管線須獨立支撐，避免重量壓在泵浦身上|原製造廠產品出廠證明，若為進口貨，應提交海關進口證明書|水泵浦流量： 量測值與設計值之差異需在 +10% 以內
tab2,CWP-06,冷卻水泵 #6,流量=5000 LPM|揚程=240 kPa|功率=30KW|效率=80%,泵浦:1|彈簧避震基座(RC型):1,銘牌規格與設計相符|基礎座水平與防震軟管安裝，底座須裝設排水口，並以配管接至最接近的地板排水|合格之工廠技術人員檢查、定位及簽認文件|機械軸封運轉無漏水|運轉振動值量測 (ISO 10816)|馬達絕緣電阻測試，至少為 1.15，F 級或更好的絕緣|電動機應為全密閉風扇冷卻|管路連接： 鄰接泵浦之管線須獨立支撐，避免重量壓在泵浦身上|原製造廠產品出廠證明，若為進口貨，應提交海關進口證明書|水泵浦流量： 量測值與設計值之差異需在 +10% 以內
tab2,CHP-01,冰水循環泵 #1,流量=6000 LPM|揚程=160 kPa|功率=22KW|效率=78%,泵浦:1|彈簧避震基座(RC型):1|性能會驗報告:1,銘牌規格與設計相符|基礎座水平與防震軟管安裝，底座須裝設排水口，並以配管接至最接近的地板排水|合格之工廠技術人員檢查、定位及簽認文件|機械軸封運轉無漏水|運轉振動值量測 (ISO 10816)|馬達絕緣電阻測試，至少為 1.15，F 級或更好的絕緣|電動機應為全密閉風扇冷卻|管路連接： 鄰接泵浦之管線須獨立支撐，避免重量壓在泵浦身上|原製造廠產品出廠證明，若為進口貨，應提交海關進口證明書|水泵浦流量： 量測值與設計值之差異需在 +10% 以內
tab2,CHP-02,冰水循環泵 #2,流量=6000 LPM|揚程=160 kPa|功率=22KW|效率=78%,泵浦:1|彈簧避震基座(RC型):1,銘牌規格與設計相符|基礎座水平與防震軟管安裝，底座須裝設排水口，並以配管接至最接近的地板排水|合格之工廠技術人員檢查、定位及簽認文件|機械軸封運轉無漏水|運轉振動值量測 (ISO 10816)|馬達絕緣電阻測試，至少為 1.15，F 級或更好的絕緣|電動機應為全密閉風扇冷卻|管路連接： 鄰接泵浦之管線須獨立支撐，避免重量壓在泵浦身上|原製造廠產品出廠證明，若為進口貨，應提交海關進口證明書|水泵浦流量： 量測值與設計值之差異需在 +10% 以內
tab2,CHP-03,冰水循環泵 #3,流量=6000 LPM|揚程=160 kPa|功率=22KW|效率=78%,泵浦:1|彈簧避震基座(RC型):1,銘牌規格與設計相符|基礎座水平與防震軟管安裝，底座須裝設排水口，並以配管接至最接近的地板排水|合格之工廠技術人員檢查、定位及簽認文件|機械軸封運轉無漏水|運轉振動值量測 (ISO 10816)|馬達絕緣電阻測試，至少為 1.15，F 級或更好的絕緣|電動機應為全密閉風扇冷卻|管路連接： 鄰接泵浦之管線須獨立支撐，避免重量壓在泵浦身上|原製造廠產品出廠證明，若為進口貨，應提交海關進口證明書|水泵浦流量： 量測值與設計值之差異需在 +10% 以內
tab2,CHP-04,冰水循環泵 #4,流量=4000 LPM|揚程=160 kPa|功率=15KW|效率=78%,泵浦:1|彈簧避震基座(RC型):1|性能會驗報告:1,銘牌規格與設計相符|基礎座水平與防震軟管安裝，底座須裝設排水口，並以配管接至最接近的地板排水|合格之工廠技術人員檢查、定位及簽認文件|機械軸封運轉無漏水|運轉振動值量測 (ISO 10816)|馬達絕緣電阻測試，至少為 1.15，F 級或更好的絕緣|電動機應為全密閉風扇冷卻|管路連接： 鄰接泵浦之管線須獨立支撐，避免重量壓在泵浦身上|原製造廠產品出廠證明，若為進口貨，應提交海關進口證明書|水泵浦流量： 量測值與設計值之差異需在 +10% 以內
tab2,CHP-05,冰水循環泵 #5,流量=4000 LPM|揚程=160 kPa|功率=15KW|效率=78%,泵浦:1|彈簧避震基座(RC型):1,銘牌規格與設計相符|基礎座水平與防震軟管安裝，底座須裝設排水口，並以配管接至最接近的地板排水|合格之工廠技術人員檢查、定位及簽認文件|機械軸封運轉無漏水|運轉振動值量測 (ISO 10816)|馬達絕緣電阻測試，至少為 1.15，F 級或更好的絕緣|電動機應為全密閉風扇冷卻|管路連接： 鄰接泵浦之管線須獨立支撐，避免重量壓在泵浦身上|原製造廠產品出廠證明，若為進口貨，應提交海關進口證明書|水泵浦流量： 量測值與設計值之差異需在 +10% 以內
tab2,CHP-06,冰水循環泵 #6,流量=4000 LPM|揚程=160 kPa|功率=15KW|效率=78%,泵浦:1|彈簧避震基座(RC型):1,銘牌規格與設計相符|基礎座水平與防震軟管安裝，底座須裝設排水口，並以配管接至最接近的地板排水|合格之工廠技術人員檢查、定位及簽認文件|機械軸封運轉無漏水|運轉振動值量測 (ISO 10816)|馬達絕緣電阻測試，至少為 1.15，F 級或更好的絕緣|電動機應為全密閉風扇冷卻|管路連接： 鄰接泵浦之管線須獨立支撐，避免重量壓在泵浦身上|原製造廠產品出廠證明，若為進口貨，應提交海關進口證明書|水泵浦流量： 量測值與設計值之差異需在 +10% 以內
tab2,BWP-01,滷水循環泵 #1,流量=7000 LPM|揚程=180 kPa|功率=30KW|效率=80%,泵浦:1|彈簧避震基座(RC型):1|性能會驗報告:1,銘牌規格與設計相符|基礎座水平與防震軟管安裝，底座須裝設排水口，並以配管接至最接近的地板排水|合格之工廠技術人員檢查、定位及簽認文件|機械軸封運轉無漏水|運轉振動值量測 (ISO 10816)|馬達絕緣電阻測試，至少為 1.15，F 級或更好的絕緣|電動機應為全密閉風扇冷卻|管路連接： 鄰接泵浦之管線須獨立支撐，避免重量壓在泵浦身上|原製造廠產品出廠證明，若為進口貨，應提交海關進口證明書|水泵浦流量： 量測值與設計值之差異需在 +10% 以內
tab2,BWP-02,滷水循環泵 #2,流量=7000 LPM|揚程=180 kPa|功率=30KW|效率=80%,泵浦:1|彈簧避震基座(RC型):1,銘牌規格與設計相符|基礎座水平與防震軟管安裝，底座須裝設排水口，並以配管接至最接近的地板排水|合格之工廠技術人員檢查、定位及簽認文件|機械軸封運轉無漏水|運轉振動值量測 (ISO 10816)|馬達絕緣電阻測試，至少為 1.15，F 級或更好的絕緣|電動機應為全密閉風扇冷卻|管路連接： 鄰接泵浦之管線須獨立支撐，避免重量壓在泵浦身上|原製造廠產品出廠證明，若為進口貨，應提交海關進口證明書|水泵浦流量： 量測值與設計值之差異需在 +10% 以內
tab2,BWP-03,滷水循環泵 #3,流量=7000 LPM|揚程=180 kPa|功率=30KW|效率=80%,泵浦:1|彈簧避震基座(RC型):1,銘牌規格與設計相符|基礎座水平與防震軟管安裝，底座須裝設排水口，並以配管接至最接近的地板排水|合格之工廠技術人員檢查、定位及簽認文件|機械軸封運轉無漏水|運轉振動值量測 (ISO 10816)|馬達絕緣電阻測試，至少為 1.15，F 級或更好的絕緣|電動機應為全密閉風扇冷卻|管路連接： 鄰接泵浦之管線須獨立支撐，避免重量壓在泵浦身上|原製造廠產品出廠證明，若為進口貨，應提交海關進口證明書|水泵浦流量： 量測值與設計值之差異需在 +10% 以內
tab2,BWP-04,滷水循環泵 #4,流量=7000 LPM|揚程=200 kPa|功率=30KW|效率=80%,泵浦:1|彈簧避震基座(RC型):1|性能會驗報告:1,銘牌規格與設計相符|基礎座水平與防震軟管安裝，底座須裝設排水口，並以配管接至最接近的地板排水|合格之工廠技術人員檢查、定位及簽認文件|機械軸封運轉無漏水|運轉振動值量測 (ISO 10816)|馬達絕緣電阻測試，至少為 1.15，F 級或更好的絕緣|電動機應為全密閉風扇冷卻|管路連接： 鄰接泵浦之管線須獨立支撐，避免重量壓在泵浦身上|原製造廠產品出廠證明，若為進口貨，應提交海關進口證明書|水泵浦流量： 量測值與設計值之差異需在 +10% 以內
tab2,BWP-05,滷水循環泵 #5,流量=7000 LPM|揚程=200 kPa|功率=30KW|效率=80%,泵浦:1|彈簧避震基座(RC型):1,銘牌規格與設計相符|基礎座水平與防震軟管安裝，底座須裝設排水口，並以配管接至最接近的地板排水|合格之工廠技術人員檢查、定位及簽認文件|機械軸封運轉無漏水|運轉振動值量測 (ISO 10816)|馬達絕緣電阻測試，至少為 1.15，F 級或更好的絕緣|電動機應為全密閉風扇冷卻|管路連接： 鄰接泵浦之管線須獨立支撐，避免重量壓在泵浦身上|原製造廠產品出廠證明，若為進口貨，應提交海關進口證明書|水泵浦流量： 量測值與設計值之差異需在 +10% 以內
tab2,ZP-01,區域冰水泵 #1,流量=4550 LPM|揚程=180 kPa|功率=18.5KW|效率=80%,泵浦:1|彈簧避震基座(RC型):1|性能會驗報告:1,銘牌規格與設計相符|基礎座水平與防震軟管安裝，底座須裝設排水口，並以配管接至最接近的地板排水|合格之工廠技術人員檢查、定位及簽認文件|機械軸封運轉無漏水|運轉振動值量測 (ISO 10816)|馬達絕緣電阻測試，至少為 1.15，F 級或更好的絕緣|電動機應為全密閉風扇冷卻|管路連接： 鄰接泵浦之管線須獨立支撐，避免重量壓在泵浦身上|原製造廠產品出廠證明，若為進口貨，應提交海關進口證明書|水泵浦流量： 量測值與設計值之差異需在 +10% 以內|需依據系統壓差或負荷需求，透過中央監控系統進行 10%~110% 的調速運轉控制
tab2,ZP-02,區域冰水泵 #2,流量=4550 LPM|揚程=180 kPa|功率=18.5KW|效率=80%,泵浦:1|彈簧避震基座(RC型):1,銘牌規格與設計相符|基礎座水平與防震軟管安裝，底座須裝設排水口，並以配管接至最接近的地板排水|合格之工廠技術人員檢查、定位及簽認文件|機械軸封運轉無漏水|運轉振動值量測 (ISO 10816)|馬達絕緣電阻測試，至少為 1.15，F 級或更好的絕緣|電動機應為全密閉風扇冷卻|管路連接： 鄰接泵浦之管線須獨立支撐，避免重量壓在泵浦身上|原製造廠產品出廠證明，若為進口貨，應提交海關進口證明書|水泵浦流量： 量測值與設計值之差異需在 +10% 以內|需依據系統壓差或負荷需求，透過中央監控系統進行 10%~110% 的調速運轉控制
tab2,ZP-03,區域冰水泵 #3,流量=4550 LPM|揚程=180 kPa|功率=18.5KW|效率=80%,泵浦:1|彈簧避震基座(RC型):1,銘牌規格與設計相符|基礎座水平與防震軟管安裝，底座須裝設排水口，並以配管接至最接近的地板排水|合格之工廠技術人員檢查、定位及簽認文件|機械軸封運轉無漏水|運轉振動值量測 (ISO 10816)|馬達絕緣電阻測試，至少為 1.15，F 級或更好的絕緣|電動機應為全密閉風扇冷卻|管路連接： 鄰接泵浦之管線須獨立支撐，避免重量壓在泵浦身上|原製造廠產品出廠證明，若為進口貨，應提交海關進口證明書|水泵浦流量： 量測值與設計值之差異需在 +10% 以內|需依據系統壓差或負荷需求，透過中央監控系統進行 10%~110% 的調速運轉控制
tab2,ZP-04,區域冰水泵 #4,流量=3300 LPM|揚程=180 kPa|功率=15KW|效率=78%,泵浦:1|彈簧避震基座(RC型):1|性能會驗報告:1,銘牌規格與設計相符|基礎座水平與防震軟管安裝，底座須裝設排水口，並以配管接至最接近的地板排水|合格之工廠技術人員檢查、定位及簽認文件|機械軸封運轉無漏水|運轉振動值量測 (ISO 10816)|馬達絕緣電阻測試，至少為 1.15，F 級或更好的絕緣|電動機應為全密閉風扇冷卻|管路連接： 鄰接泵浦之管線須獨立支撐，避免重量壓在泵浦身上|原製造廠產品出廠證明，若為進口貨，應提交海關進口證明書|水泵浦流量： 量測值與設計值之差異需在 +10% 以內|需依據系統壓差或負荷需求，透過中央監控系統進行 10%~110% 的調速運轉控制
tab2,ZP-05,區域冰水泵 #5,流量=3300 LPM|揚程=180 kPa|功率=15KW|效率=78%,泵浦:1|彈簧避震基座(RC型):1,銘牌規格與設計相符|基礎座水平與防震軟管安裝，底座須裝設排水口，並以配管接至最接近的地板排水|合格之工廠技術人員檢查、定位及簽認文件|機械軸封運轉無漏水|運轉振動值量測 (ISO 10816)|馬達絕緣電阻測試，至少為 1.15，F 級或更好的絕緣|電動機應為全密閉風扇冷卻|管路連接： 鄰接泵浦之管線須獨立支撐，避免重量壓在泵浦身上|原製造廠產品出廠證明，若為進口貨，應提交海關進口證明書|水泵浦流量： 量測值與設計值之差異需在 +10% 以內|需依據系統壓差或負荷需求，透過中央監控系統進行 10%~110% 的調速運轉控制
tab2,ZP-06,區域冰水泵 #6,流量=3300 LPM|揚程=180 kPa|功率=15KW|效率=78%,泵浦:1|彈簧避震基座(RC型):1,銘牌規格與設計相符|基礎座水平與防震軟管安裝，底座須裝設排水口，並以配管接至最接近的地板排水|合格之工廠技術人員檢查、定位及簽認文件|機械軸封運轉無漏水|運轉振動值量測 (ISO 10816)|馬達絕緣電阻測試，至少為 1.15，F 級或更好的絕緣|電動機應為全密閉風扇冷卻|管路連接： 鄰接泵浦之管線須獨立支撐，避免重量壓在泵浦身上|原製造廠產品出廠證明，若為進口貨，應提交海關進口證明書|水泵浦流量： 量測值與設計值之差異需在 +10% 以內|需依據系統壓差或負荷需求，透過中央監控系統進行 10%~110% 的調速運轉控制
tab3,CT-1,冷卻水塔 (Cooling Tower),"冷卻能力=7255 kW|風量 (CMM)=33,600 CMM|塔體=FRP 塔體 + 不鏽鋼構支撐及五金|填料 (Fill)=PVC 對齊板，符合 ASTM E84 等級|擋水器=兩或三折熱浸鍍鋅鋼板，確保水滴漂水損失在全部循環水量之 0.7% 以內|風機=IE4 全密閉風扇冷卻電機|噪音標準=距離 1.5 m ≤ 70 dBA",冷卻水塔7255KW:1,銘牌規格與設計相符|需執行測試、調整及平衡，冷卻水流量與設計值差異須在 ± 10% 內|擋水器 (Eliminator)： 兩或三折熱浸鍍鋅鋼板，確保水滴漂水損失在全部循環水量之 0.7% 以內|風機振動/軸封/皮帶檢查|補給水浮球閥與溢流管路連線完整|可依據冷卻出水溫度、大氣濕球溫度及最佳趨近溫度進行變頻控制|低/高水位自動化功能與警報正常|多個水塔並聯操作時，水坑間應留平衡水管接頭以確保流量相等|在周圍 1.5m 處之運轉噪音量不得超過 70 dBA|塔內必須提供檢修門、梯子及人孔等通道以便日後維護|須提送原廠出廠證明、檢驗試驗報告、操作及維護手冊正本
tab3,CT-2,冷卻水塔 (Cooling Tower),"冷卻能力=5441 kW|風量 (CMM)=26,400 CMM|塔體=FRP 塔體 + 不鏽鋼構支撐及五金|填料 (Fill)=PVC 對齊板，符合 ASTM E84 等級|消霧器=三層除霧器，漂水率 < 0.7%|風機=IE4 全密閉風扇冷卻電機|噪音標準=距離 1.5 m ≤ 70 dBA",冷卻水塔5441KW:1,銘牌規格與設計相符|需執行測試、調整及平衡，冷卻水流量與設計值差異須在 ± 10% 內|擋水器 (Eliminator)： 兩或三折熱浸鍍鋅鋼板，確保水滴漂水損失在全部循環水量之 0.7% 以內|風機振動/軸封/皮帶檢查|補給水浮球閥與溢流管路連線完整|可依據冷卻出水溫度、大氣濕球溫度及最佳趨近溫度進行變頻控制|低/高水位自動化功能與警報正常|多個水塔並聯操作時，水坑間應留平衡水管接頭以確保流量相等|在周圍 1.5m 處之運轉噪音量不得超過 70 dBA|塔內必須提供檢修門、梯子及人孔等通道以便日後維護|須提送原廠出廠證明、檢驗試驗報告、操作及維護手冊正本
tab3,冷卻水管路工程,冷卻水管路工程,冷卻水管路工程,不鏽鋼彈簧避震器:64|不鏽鋼蝶閥 (齒輪式) Φ250:14|不鏽鋼球塞閥 Φ50:21,銘牌規格與設計相符|管路流向標示|不鏽鋼水管支架
tab4,IST-1-1,動態製冰儲冰槽 #1,儲冰容量=1150RTH|融冰容量=960RTH|材質=SUS304 不鏽鋼|板厚=≧ 2.0 mm|槽上蓋保溫厚度=50 mm|槽體四周保溫總厚度=95±3mm|保溫值=R18|耐壓強度=盤管耐壓須達 10 kg/cm² 以上,動態製冰儲冰槽:8|攪拌泵:8|,銘牌規格與設計相符|防地震位移固定措施|儲冰槽試水與盤管試壓合格報告(現場組裝時需要)|完整性能計算書、製造圖、試壓紀錄及品管檢驗報告
tab4,儲冰槽機房管路工程,儲冰槽機房管路工程,儲冰槽機房管路工程,不鏽鋼蝶閥 Φ200:19|高壓不銹鋼防震軟管 Φ125:16|比例式不鏽鋼蝶閥 Φ125:8|不鏽鋼球塞閥 Φ20:16|不鏽鋼球塞閥 Φ25:2|不銹鋼 4吋 溫度計:16|不銹鋼 4吋 充油壓力錶:16|大流量自動釋氣閥 Φ25:2,銘牌規格與設計相符|管路流向標示|不鏽鋼水管支架
tab4,儲冰空調管理系統,儲冰空調管理系統,儲冰空調管理系統,32位元網頁可程式控制器:1|15吋 TFT 觸控人機控制面板:1|磁緻式儲冰量感知器:8|超音波流量計:2|水管型溫度傳訊器:9|無線網路路由器:1,銘牌規格與設計相符
tab5,HEX-01,板式熱交換器 #1,能力=3510KW|板片材質=鈦金屬|設計壓力=10 kg/cm2,板式熱交換器:1,銘牌規格與設計相符|進出水溫差與熱交換能力驗證|外部保溫包覆檢查
tab5,HEX-02,板式熱交換器 #2,能力=3510KW|板片材質=鈦金屬|設計壓力=10 kg/cm2,板式熱交換器:1,銘牌規格與設計相符|進出水溫差與熱交換能力驗證|外部保溫包覆檢查
tab6,AH-01,空氣調節箱 AH-01,"風量 (CMH)=≥26,500|機外靜壓 (Pa)=500|冷房能力 (kW)=≥232|馬達 (kW)=≤3.35*4 kW (EC)|結構=Double Skin (雙層板)",空氣調節箱:1,型號/序號與送審資料核對|箱體外觀無損傷且內部清潔|雙層板(Double Skin)氣密測試無洩漏|盤管水壓/氣壓耐壓測試 (1035kPa)|排水盤洩水坡度測試|濾網壓差計安裝確認|[TAB] 風量測試與設計值誤差 < 10%
tab6,AH-02,空氣調節箱 AH-02,"風量 (CMH)=≥27,800|機外靜壓 (Pa)=500|冷房能力 (kW)=≥256|馬達 (kW)=≤4.4*3 kW (EC)|結構=Double Skin (雙層板)",空氣調節箱:1,型號/序號與送審資料核對|箱體外觀無損傷且內部清潔|雙層板(Double Skin)氣密測試無洩漏|盤管水壓/氣壓耐壓測試 (1035kPa)|排水盤洩水坡度測試|濾網壓差計安裝確認|[TAB] 風量測試與設計值誤差 < 10%
tab6,AH-06,空氣調節箱 AH-06,"風量 (CMH)=≥16,600|機外靜壓 (Pa)=500|冷房能力 (kW)=≥152|馬達 (kW)=≤5.25*2 kW (EC)|結構=Double Skin (雙層板)",空氣調節箱:1,型號/序號與送審資料核對|箱體外觀無損傷且內部清潔|雙層板(Double Skin)氣密測試無洩漏|盤管水壓/氣壓耐壓測試 (1035kPa)|排水盤洩水坡度測試|濾網壓差計安裝確認|[TAB] 風量測試與設計值誤差 < 10%
tab6,AH-07,空氣調節箱 AH-07,"風量 (CMH)=≥11,200|機外靜壓 (Pa)=450|冷房能力 (kW)=≥102|馬達 (kW)=≤3.35*2 kW (EC)|結構=Double Skin (雙層板)",空氣調節箱:1,型號/序號與送審資料核對|箱體外觀無損傷且內部清潔|雙層板(Double Skin)氣密測試無洩漏|盤管水壓/氣壓耐壓測試 (1035kPa)|排水盤洩水坡度測試|濾網壓差計安裝確認|[TAB] 風量測試與設計值誤差 < 10%
tab6,AH-08,空氣調節箱 AH-08,"風量 (CMH)=≥29,200|機外靜壓 (Pa)=450|冷房能力 (kW)=≥249|馬達 (kW)=≤5.7*3 kW (EC)|結構=Double Skin (雙層板)",空氣調節箱:1,型號/序號與送審資料核對|箱體外觀無損傷且內部清潔|雙層板(Double Skin)氣密測試無洩漏|盤管水壓/氣壓耐壓測試 (1035kPa)|排水盤洩水坡度測試|濾網壓差計安裝確認|[TAB] 風量測試與設計值誤差 < 10%
tab6,AH-09,空氣調節箱 AH-09,"風量 (CMH)=≥23,200|機外靜壓 (Pa)=450|冷房能力 (kW)=≥196|馬達 (kW)=≤4.5*3 kW (EC)|結構=Double Skin (雙層板)|電熱器 (kW)=45",空氣調節箱:1|電熱器:1,型號/序號與送審資料核對|箱體外觀無損傷且內部清潔|雙層板(Double Skin)氣密測試無洩漏|盤管水壓/氣壓耐壓測試 (1035kPa)|排水盤洩水坡度測試|濾網壓差計安裝確認|[TAB] 風量測試與設計值誤差 < 10%
tab6,AH-10,空氣調節箱 AH-10,"風量 (CMH)=≥23,200|機外靜壓 (Pa)=450|冷房能力 (kW)=≥196|馬達 (kW)=≤4.5*3 kW (EC)|結構=Double Skin (雙層板)|電熱器 (kW)=45",空氣調節箱:1|電熱器:1,型號/序號與送審資料核對|箱體外觀無損傷且內部清潔|雙層板(Double Skin)氣密測試無洩漏|盤管水壓/氣壓耐壓測試 (1035kPa)|排水盤洩水坡度測試|濾網壓差計安裝確認|[TAB] 風量測試與設計值誤差 < 10%
tab6,AH-11,空氣調節箱 AH-11,"風量 (CMH)=≥23,200|機外靜壓 (Pa)=450|冷房能力 (kW)=≥196|馬達 (kW)=≤4.5*3 kW (EC)|結構=Double Skin (雙層板)|電熱器 (kW)=45",空氣調節箱:1|電熱器:1,型號/序號與送審資料核對|箱體外觀無損傷且內部清潔|雙層板(Double Skin)氣密測試無洩漏|盤管水壓/氣壓耐壓測試 (1035kPa)|排水盤洩水坡度測試|濾網壓差計安裝確認|[TAB] 風量測試與設計值誤差 < 10%
tab6,AH-12,空氣調節箱 AH-12,"風量 (CMH)=≥23,200|機外靜壓 (Pa)=450|冷房能力 (kW)=≥196|馬達 (kW)=≤4.5*3 kW (EC)|結構=Double Skin (雙層板)|電熱器 (kW)=45",空氣調節箱:1|電熱器:1,型號/序號與送審資料核對|箱體外觀無損傷且內部清潔|雙層板(Double Skin)氣密測試無洩漏|盤管水壓/氣壓耐壓測試 (1035kPa)|排水盤洩水坡度測試|濾網壓差計安裝確認|[TAB] 風量測試與設計值誤差 < 10%
tab6,AH-13,空氣調節箱 AH-13,"風量 (CMH)=≥7,700|機外靜壓 (Pa)=400|冷房能力 (kW)=≥70|馬達 (kW)=≤4.4*1 kW (EC)|結構=Double Skin (雙層板)",空氣調節箱:1,型號/序號與送審資料核對|箱體外觀無損傷且內部清潔|雙層板(Double Skin)氣密測試無洩漏|盤管水壓/氣壓耐壓測試 (1035kPa)|排水盤洩水坡度測試|濾網壓差計安裝確認|[TAB] 風量測試與設計值誤差 < 10%
tab6,AH-14,空氣調節箱 AH-14,"風量 (CMH)=≥6,600|機外靜壓 (Pa)=400|冷房能力 (kW)=≥60|馬達 (kW)=≤3.35*1 kW (EC)|結構=Double Skin (雙層板)",空氣調節箱:1,型號/序號與送審資料核對|箱體外觀無損傷且內部清潔|雙層板(Double Skin)氣密測試無洩漏|盤管水壓/氣壓耐壓測試 (1035kPa)|排水盤洩水坡度測試|濾網壓差計安裝確認|[TAB] 風量測試與設計值誤差 < 10%
tab6,AH-15,空氣調節箱 AH-15,"風量 (CMH)=≥11,400|機外靜壓 (Pa)=550|冷房能力 (kW)=≥84|馬達 (kW)=≤3.35*2 kW (EC)|結構=Double Skin (雙層板)|電熱器 (kW)=30|加濕器 (kg/hr)=5",空氣調節箱:1|電熱器:1|加濕器:1,型號/序號與送審資料核對|箱體外觀無損傷且內部清潔|雙層板(Double Skin)氣密測試無洩漏|盤管水壓/氣壓耐壓測試 (1035kPa)|排水盤洩水坡度測試|濾網壓差計安裝確認|[TAB] 風量測試與設計值誤差 < 10%|!!關鍵!! 電熱器絕緣電阻與過熱保護測試|電熱器運轉電流與三相平衡確認|加濕器給水管路無洩漏測試|加濕器噴霧/蒸氣產生功能測試|濕度感知器連鎖控制測試
tab6,AH-17,空氣調節箱 AH-17,"風量 (CMH)=≥39,250|機外靜壓 (Pa)=450|冷房能力 (kW)=≥358|馬達 (kW)=≤5.0*3 kW (EC)|結構=Double Skin (雙層板)",空氣調節箱:1,型號/序號與送審資料核對|箱體外觀無損傷且內部清潔|雙層板(Double Skin)氣密測試無洩漏|盤管水壓/氣壓耐壓測試 (1035kPa)|排水盤洩水坡度測試|濾網壓差計安裝確認|[TAB] 風量測試與設計值誤差 < 10%
tab6,AH-18,空氣調節箱 AH-18,"風量 (CMH)=≥12,000|機外靜壓 (Pa)=450|冷房能力 (kW)=≥109|馬達 (kW)=≤3.35*2 kW (EC)|結構=Double Skin (雙層板)",空氣調節箱:1,型號/序號與送審資料核對|箱體外觀無損傷且內部清潔|雙層板(Double Skin)氣密測試無洩漏|盤管水壓/氣壓耐壓測試 (1035kPa)|排水盤洩水坡度測試|濾網壓差計安裝確認|[TAB] 風量測試與設計值誤差 < 10%
tab6,AH-19,空氣調節箱 AH-19,"風量 (CMH)=≥25,500|機外靜壓 (Pa)=600|冷房能力 (kW)=≥190|馬達 (kW)3.35*3 kW (EC)|結構=Double Skin (雙層板)|電熱器 (kW)=72|加濕器 (kg/hr)=10",空氣調節箱:1|電熱器:1|加濕器:1,型號/序號與送審資料核對|箱體外觀無損傷且內部清潔|雙層板(Double Skin)氣密測試無洩漏|盤管水壓/氣壓耐壓測試 (1035kPa)|排水盤洩水坡度測試|濾網壓差計安裝確認|[TAB] 風量測試與設計值誤差 < 10%|!!關鍵!! 電熱器絕緣電阻與過熱保護測試|電熱器運轉電流與三相平衡確認|加濕器給水管路無洩漏測試|加濕器噴霧/蒸氣產生功能測試|濕度感知器連鎖控制測試
tab6,AH-21,空氣調節箱 AH-21,"風量 (CMH)=≥10,500|機外靜壓 (Pa)=450|冷房能力 (kW)=≥95|馬達 (kW)=≤5.0*1 kW (EC)|結構=Double Skin (雙層板)",空氣調節箱:1,型號/序號與送審資料核對|箱體外觀無損傷且內部清潔|雙層板(Double Skin)氣密測試無洩漏|盤管水壓/氣壓耐壓測試 (1035kPa)|排水盤洩水坡度測試|濾網壓差計安裝確認|[TAB] 風量測試與設計值誤差 < 10%
tab6,AH-22,空氣調節箱 AH-22,"風量 (CMH)=≥22,800|機外靜壓 (Pa)=500|冷房能力 (kW)=≥210|馬達 (kW)=≤5.0*2 kW (EC)|結構=Double Skin (雙層板)",空氣調節箱:1,型號/序號與送審資料核對|箱體外觀無損傷且內部清潔|雙層板(Double Skin)氣密測試無洩漏|盤管水壓/氣壓耐壓測試 (1035kPa)|排水盤洩水坡度測試|濾網壓差計安裝確認|[TAB] 風量測試與設計值誤差 < 10%
tab6,AH-23,空氣調節箱 AH-23,"風量 (CMH)=≥19,800|機外靜壓 (Pa)=500|冷房能力 (kW)=≥183|馬達 (kW)=≤5.0*2 kW (EC)|結構=Double Skin (雙層板)",空氣調節箱:1,型號/序號與送審資料核對|箱體外觀無損傷且內部清潔|雙層板(Double Skin)氣密測試無洩漏|盤管水壓/氣壓耐壓測試 (1035kPa)|排水盤洩水坡度測試|濾網壓差計安裝確認|[TAB] 風量測試與設計值誤差 < 10%
tab6,AH-24,空氣調節箱 AH-24,"風量 (CMH)=≥27,500|機外靜壓 (Pa)=500|冷房能力 (kW)=≥236|馬達 (kW)=≤4.4*3 kW (EC)|結構=Double Skin (雙層板)|電熱器 (kW)=60|加濕器 (kg/hr)=8",空氣調節箱:1|電熱器:1|加濕器:1,型號/序號與送審資料核對|箱體外觀無損傷且內部清潔|雙層板(Double Skin)氣密測試無洩漏|盤管水壓/氣壓耐壓測試 (1035kPa)|排水盤洩水坡度測試|濾網壓差計安裝確認|[TAB] 風量測試與設計值誤差 < 10%
tab6,AH-25,空氣調節箱 AH-25,"風量 (CMH)=≥24,500|機外靜壓 (Pa)=450|冷房能力 (kW)=≥208|馬達 (kW)=≤5.25*3 kW (EC)|結構=Double Skin (雙層板)",空氣調節箱:1,型號/序號與送審資料核對|箱體外觀無損傷且內部清潔|雙層板(Double Skin)氣密測試無洩漏|盤管水壓/氣壓耐壓測試 (1035kPa)|排水盤洩水坡度測試|濾網壓差計安裝確認|[TAB] 風量測試與設計值誤差 < 10%
tab6,AH-26,空氣調節箱 AH-26,"風量 (CMH)=≥24,500|機外靜壓 (Pa)=450|冷房能力 (kW)=≥208|馬達 (kW)=≤5.25*3 kW (EC)|結構=Double Skin (雙層板)",空氣調節箱:1,型號/序號與送審資料核對|箱體外觀無損傷且內部清潔|雙層板(Double Skin)氣密測試無洩漏|盤管水壓/氣壓耐壓測試 (1035kPa)|排水盤洩水坡度測試|濾網壓差計安裝確認|[TAB] 風量測試與設計值誤差 < 10%
tab6,AH-27,空氣調節箱 AH-27,"風量 (CMH)=≥38,400|機外靜壓 (Pa)=500|冷房能力 (kW)=≥327|馬達 (kW)=≤5.25*4 kW (EC)|結構=Double Skin (雙層板)",空氣調節箱:1,型號/序號與送審資料核對|箱體外觀無損傷且內部清潔|雙層板(Double Skin)氣密測試無洩漏|盤管水壓/氣壓耐壓測試 (1035kPa)|排水盤洩水坡度測試|濾網壓差計安裝確認|[TAB] 風量測試與設計值誤差 < 10%
tab6,AH-28,空氣調節箱 AH-28,"風量 (CMH)=≥11,600|機外靜壓 (Pa)=400|冷房能力 (kW)=≥98|馬達 (kW)=≤3.35*2 kW (EC)|結構=Double Skin (雙層板)",空氣調節箱:1,型號/序號與送審資料核對|箱體外觀無損傷且內部清潔|雙層板(Double Skin)氣密測試無洩漏|盤管水壓/氣壓耐壓測試 (1035kPa)|排水盤洩水坡度測試|濾網壓差計安裝確認|[TAB] 風量測試與設計值誤差 < 10%
tab6,AH-29,空氣調節箱 AH-29,"風量 (CMH)=≥14,300|機外靜壓 (Pa)=450|冷房能力 (kW)=≥130|馬達 (kW)=≤3.35*2 kW (EC)|結構=Double Skin (雙層板)",空氣調節箱:1,型號/序號與送審資料核對|箱體外觀無損傷且內部清潔|雙層板(Double Skin)氣密測試無洩漏|盤管水壓/氣壓耐壓測試 (1035kPa)|排水盤洩水坡度測試|濾網壓差計安裝確認|[TAB] 風量測試與設計值誤差 < 10%
tab6,AH-30,空氣調節箱 AH-30,"風量 (CMH)=≥8,600|機外靜壓 (Pa)=500|冷房能力 (kW)=≥70|馬達 (kW)=≤3.35*2 kW (EC)|結構=Double Skin (雙層板)|電熱器 (kW)=24|加濕器 (kg/hr)=5",空氣調節箱:1|電熱器:1|加濕器:1,型號/序號與送審資料核對|箱體外觀無損傷且內部清潔|雙層板(Double Skin)氣密測試無洩漏|盤管水壓/氣壓耐壓測試 (1035kPa)|排水盤洩水坡度測試|濾網壓差計安裝確認|[TAB] 風量測試與設計值誤差 < 10%|!!關鍵!! 電熱器絕緣電阻與過熱保護測試|電熱器運轉電流與三相平衡確認|加濕器給水管路無洩漏測試|加濕器噴霧/蒸氣產生功能測試|濕度感知器連鎖控制測試
tab6,AH-31,空氣調節箱 AH-31,"風量 (CMH)=≥14,300|機外靜壓 (Pa)=600|冷房能力 (kW)=≥130|馬達 (kW)=≤3.35*2 kW (EC)|結構=Double Skin (雙層板)",空氣調節箱:1,型號/序號與送審資料核對|箱體外觀無損傷且內部清潔|雙層板(Double Skin)氣密測試無洩漏|盤管水壓/氣壓耐壓測試 (1035kPa)|排水盤洩水坡度測試|濾網壓差計安裝確認|[TAB] 風量測試與設計值誤差 < 10%
tab6,AH-32,空氣調節箱 AH-32,"風量 (CMH)=≥9,200|機外靜壓 (Pa)=450|冷房能力 (kW)=≥84|馬達 (kW)=≤4.0*1 kW (EC)|結構=Double Skin (雙層板)",空氣調節箱:1,型號/序號與送審資料核對|箱體外觀無損傷且內部清潔|雙層板(Double Skin)氣密測試無洩漏|盤管水壓/氣壓耐壓測試 (1035kPa)|排水盤洩水坡度測試|濾網壓差計安裝確認|[TAB] 風量測試與設計值誤差 < 10%
tab6,AH-33,空氣調節箱 AH-33,"風量 (CMH)=≥15,000|機外靜壓 (Pa)=450|冷房能力 (kW)=≥123|馬達 (kW)=≤4.5*2 kW (EC)|結構=Double Skin (雙層板)|電熱器 (kW)=45|加濕器 (kg/hr)=8",空氣調節箱:1|電熱器:1|加濕器:1,型號/序號與送審資料核對|箱體外觀無損傷且內部清潔|雙層板(Double Skin)氣密測試無洩漏|盤管水壓/氣壓耐壓測試 (1035kPa)|排水盤洩水坡度測試|濾網壓差計安裝確認|[TAB] 風量測試與設計值誤差 < 10%
tab6,AH-34,空氣調節箱 AH-34,"風量 (CMH)=≥25,500|機外靜壓 (Pa)=400|冷房能力 (kW)=≥235|馬達 (kW)=≤5.0*2 kW (EC)|結構=Double Skin (雙層板)",空氣調節箱:1,型號/序號與送審資料核對|箱體外觀無損傷且內部清潔|雙層板(Double Skin)氣密測試無洩漏|盤管水壓/氣壓耐壓測試 (1035kPa)|排水盤洩水坡度測試|濾網壓差計安裝確認|[TAB] 風量測試與設計值誤差 < 10%
tab6,AH-35,空氣調節箱 AH-35,"風量 (CMH)=≥20,400|機外靜壓 (Pa)=400|冷房能力 (kW)=≥186|馬達 (kW)=≤5.0*2 kW (EC)|結構=Double Skin (雙層板)",空氣調節箱:1,型號/序號與送審資料核對|箱體外觀無損傷且內部清潔|雙層板(Double Skin)氣密測試無洩漏|盤管水壓/氣壓耐壓測試 (1035kPa)|排水盤洩水坡度測試|濾網壓差計安裝確認|[TAB] 風量測試與設計值誤差 < 10%
tab6,AH-36,空氣調節箱 AH-36,"風量 (CMH)=≥18,000|機外靜壓 (Pa)=450|冷房能力 (kW)=≥158|馬達 (kW)=≤5.25*2 kW (EC)|結構=Double Skin (雙層板)",空氣調節箱:1,型號/序號與送審資料核對|箱體外觀無損傷且內部清潔|雙層板(Double Skin)氣密測試無洩漏|盤管水壓/氣壓耐壓測試 (1035kPa)|排水盤洩水坡度測試|濾網壓差計安裝確認|[TAB] 風量測試與設計值誤差 < 10%
tab6,AH-37,空氣調節箱 AH-37,"風量 (CMH)=≥12,800|機外靜壓 (Pa)=450|冷房能力 (kW)=≥109|馬達 (kW)=≤3.35*2 kW (EC)|結構=Double Skin (雙層板)",空氣調節箱:1,型號/序號與送審資料核對|箱體外觀無損傷且內部清潔|雙層板(Double Skin)氣密測試無洩漏|盤管水壓/氣壓耐壓測試 (1035kPa)|排水盤洩水坡度測試|濾網壓差計安裝確認|[TAB] 風量測試與設計值誤差 < 10%
tab6,AH-38,空氣調節箱 AH-38,"風量 (CMH)=≥23,200|機外靜壓 (Pa)=450|冷房能力 (kW)=≥214|馬達 (kW)=≤5.0*2 kW (EC)|結構=Double Skin (雙層板)",空氣調節箱:1,型號/序號與送審資料核對|箱體外觀無損傷且內部清潔|雙層板(Double Skin)氣密測試無洩漏|盤管水壓/氣壓耐壓測試 (1035kPa)|排水盤洩水坡度測試|濾網壓差計安裝確認|[TAB] 風量測試與設計值誤差 < 10%
tab6,AH-39,空氣調節箱 AH-39,"風量 (CMH)=≥18,000|機外靜壓 (Pa)=450|冷房能力 (kW)=≥158|馬達 (kW)=≤5.25*2 kW (EC)|結構=Double Skin (雙層板)",空氣調節箱:1,型號/序號與送審資料核對|箱體外觀無損傷且內部清潔|雙層板(Double Skin)氣密測試無洩漏|盤管水壓/氣壓耐壓測試 (1035kPa)|排水盤洩水坡度測試|濾網壓差計安裝確認|[TAB] 風量測試與設計值誤差 < 10%
tab6,AH-40,空氣調節箱 AH-40,"風量 (CMH)=≥25,200|機外靜壓 (Pa)=450|冷房能力 (kW)=≥214|馬達 (kW)=≤5.25*3 kW (EC)|結構=Double Skin (雙層板)",空氣調節箱:1,型號/序號與送審資料核對|箱體外觀無損傷且內部清潔|雙層板(Double Skin)氣密測試無洩漏|盤管水壓/氣壓耐壓測試 (1035kPa)|排水盤洩水坡度測試|濾網壓差計安裝確認|[TAB] 風量測試與設計值誤差 < 10%
tab6,AH-41,空氣調節箱 AH-41,"風量 (CMH)=≥24,200|機外靜壓 (Pa)=450|冷房能力 (kW)=≥208|馬達 (kW)=≤5.25*3 kW (EC)|結構=Double Skin (雙層板)",空氣調節箱:1,型號/序號與送審資料核對|箱體外觀無損傷且內部清潔|雙層板(Double Skin)氣密測試無洩漏|盤管水壓/氣壓耐壓測試 (1035kPa)|排水盤洩水坡度測試|濾網壓差計安裝確認|[TAB] 風量測試與設計值誤差 < 10%
tab6,AH-42,空氣調節箱 AH-42,"風量 (CMH)=≥24,200|機外靜壓 (Pa)=450|冷房能力 (kW)=≥208|馬達 (kW)=≤5.25*3 kW (EC)|結構=Double Skin (雙層板)",空氣調節箱:1,型號/序號與送審資料核對|箱體外觀無損傷且內部清潔|雙層板(Double Skin)氣密測試無洩漏|盤管水壓/氣壓耐壓測試 (1035kPa)|排水盤洩水坡度測試|濾網壓差計安裝確認|[TAB] 風量測試與設計值誤差 < 10%
tab6,AH-43,空氣調節箱 AH-43,"風量 (CMH)=≥34,600|機外靜壓 (Pa)=500|冷房能力 (kW)=≥295|馬達 (kW)=≤5.7*3 kW (EC)|結構=Double Skin (雙層板)",空氣調節箱:1,型號/序號與送審資料核對|箱體外觀無損傷且內部清潔|雙層板(Double Skin)氣密測試無洩漏|盤管水壓/氣壓耐壓測試 (1035kPa)|排水盤洩水坡度測試|濾網壓差計安裝確認|[TAB] 風量測試與設計值誤差 < 10%
tab6,AH-44,空氣調節箱 AH-44,"風量 (CMH)=≥17,000|機外靜壓 (Pa)=500|冷房能力 (kW)=≥154|馬達 (kW)=≤5.0*2 kW (EC)|結構=Double Skin (雙層板)",空氣調節箱:1,型號/序號與送審資料核對|箱體外觀無損傷且內部清潔|雙層板(Double Skin)氣密測試無洩漏|盤管水壓/氣壓耐壓測試 (1035kPa)|排水盤洩水坡度測試|濾網壓差計安裝確認|[TAB] 風量測試與設計值誤差 < 10%
tab6,AH-45,空氣調節箱 AH-45,"風量 (CMH)=≥16,300|機外靜壓 (Pa)=500|冷房能力 (kW)=≥150|馬達 (kW)=≤5.0*2 kW (EC)|結構=Double Skin (雙層板)",空氣調節箱:1,型號/序號與送審資料核對|箱體外觀無損傷且內部清潔|雙層板(Double Skin)氣密測試無洩漏|盤管水壓/氣壓耐壓測試 (1035kPa)|排水盤洩水坡度測試|濾網壓差計安裝確認|[TAB] 風量測試與設計值誤差 < 10%
tab6,AH-46,空氣調節箱 AH-46,"風量 (CMH)=≥13,600|機外靜壓 (Pa)=600|冷房能力 (kW)=≥102|馬達 (kW)=≤4.5*2 kW (EC)|結構=Double Skin (雙層板)|電熱器 (kW)=45|加濕器 (kg/hr)=5",空氣調節箱:1|電熱器:1|加濕器:1,型號/序號與送審資料核對|箱體外觀無損傷且內部清潔|雙層板(Double Skin)氣密測試無洩漏|盤管水壓/氣壓耐壓測試 (1035kPa)|排水盤洩水坡度測試|濾網壓差計安裝確認|[TAB] 風量測試與設計值誤差 < 10%|!!關鍵!! 電熱器絕緣電阻與過熱保護測試|電熱器運轉電流與三相平衡確認|加濕器給水管路無洩漏測試|加濕器噴霧/蒸氣產生功能測試|濕度感知器連鎖控制測試
tab6,AH-47,空氣調節箱 AH-47,"風量 (CMH)=≥29,500|機外靜壓 (Pa)=450|冷房能力 (kW)=≥270|馬達 (kW)=≤4.4*3 kW (EC)|結構=Double Skin (雙層板)",空氣調節箱:1,型號/序號與送審資料核對|箱體外觀無損傷且內部清潔|雙層板(Double Skin)氣密測試無洩漏|盤管水壓/氣壓耐壓測試 (1035kPa)|排水盤洩水坡度測試|濾網壓差計安裝確認|[TAB] 風量測試與設計值誤差 < 10%
tab6,AH-48,空氣調節箱 AH-48,"風量 (CMH)=≥16,600|機外靜壓 (Pa)=450|冷房能力 (kW)=≥150|馬達 (kW)=≤5.0*2 kW (EC)|結構=Double Skin (雙層板)",空氣調節箱:1,型號/序號與送審資料核對|箱體外觀無損傷且內部清潔|雙層板(Double Skin)氣密測試無洩漏|盤管水壓/氣壓耐壓測試 (1035kPa)|排水盤洩水坡度測試|濾網壓差計安裝確認|[TAB] 風量測試與設計值誤差 < 10%
tab6,AH-49,空氣調節箱 AH-49,"風量 (CMH)=≥17,800|機外靜壓 (Pa)=600|冷房能力 (kW)=≥133|馬達 (kW)=≤3.35*3 kW (EC)|結構=Double Skin (雙層板)|電熱器 (kW)=60|加濕器 (kg/hr)=5",空氣調節箱:1|電熱器:1|加濕器:1,型號/序號與送審資料核對|箱體外觀無損傷且內部清潔|雙層板(Double Skin)氣密測試無洩漏|盤管水壓/氣壓耐壓測試 (1035kPa)|排水盤洩水坡度測試|濾網壓差計安裝確認|[TAB] 風量測試與設計值誤差 < 10%|!!關鍵!! 電熱器絕緣電阻與過熱保護測試|電熱器運轉電流與三相平衡確認|加濕器給水管路無洩漏測試|加濕器噴霧/蒸氣產生功能測試|濕度感知器連鎖控制測試
tab6,AH-50,空氣調節箱 AH-50,"風量 (CMH)=≥14,500|機外靜壓 (Pa)=400|冷房能力 (kW)=≥133|馬達 (kW)=≤4.5*2 kW (EC)|結構=Double Skin (雙層板)",空氣調節箱:1,型號/序號與送審資料核對|箱體外觀無損傷且內部清潔|雙層板(Double Skin)氣密測試無洩漏|盤管水壓/氣壓耐壓測試 (1035kPa)|排水盤洩水坡度測試|濾網壓差計安裝確認|[TAB] 風量測試與設計值誤差 < 10%
tab6,AH-51,空氣調節箱 AH-51,"風量 (CMH)=≥14,500|機外靜壓 (Pa)=400|冷房能力 (kW)=≥133|馬達 (kW)=≤4.5*2 kW (EC)|結構=Double Skin (雙層板)",空氣調節箱:1,型號/序號與送審資料核對|箱體外觀無損傷且內部清潔|雙層板(Double Skin)氣密測試無洩漏|盤管水壓/氣壓耐壓測試 (1035kPa)|排水盤洩水坡度測試|濾網壓差計安裝確認|[TAB] 風量測試與設計值誤差 < 10%
tab6,AH-52,空氣調節箱 AH-52,"風量 (CMH)=≥12,000|機外靜壓 (Pa)=400|冷房能力 (kW)=≥109|馬達 (kW)=≤3.35*2 kW (EC)|結構=Double Skin (雙層板)",空氣調節箱:1,型號/序號與送審資料核對|箱體外觀無損傷且內部清潔|雙層板(Double Skin)氣密測試無洩漏|盤管水壓/氣壓耐壓測試 (1035kPa)|排水盤洩水坡度測試|濾網壓差計安裝確認|[TAB] 風量測試與設計值誤差 < 10%
tab6,AH-52,空氣調節箱 AH-53,"風量 (CMH)=≥10,200|機外靜壓 (Pa)=400|冷房能力 (kW)=≥95|馬達 (kW)=≤5.0*1 kW (EC)|結構=Double Skin (雙層板)",空氣調節箱:1,型號/序號與送審資料核對|箱體外觀無損傷且內部清潔|雙層板(Double Skin)氣密測試無洩漏|盤管水壓/氣壓耐壓測試 (1035kPa)|排水盤洩水坡度測試|濾網壓差計安裝確認|[TAB] 風量測試與設計值誤差 < 10%
tab6,AH-55,空氣調節箱 AH-55,"風量 (CMH)=≥10,200|機外靜壓 (Pa)=500|冷房能力 (kW)=≥88|馬達 (kW)=≤3.35*2 kW (EC)|結構=Double Skin (雙層板)",空氣調節箱:1,型號/序號與送審資料核對|箱體外觀無損傷且內部清潔|雙層板(Double Skin)氣密測試無洩漏|盤管水壓/氣壓耐壓測試 (1035kPa)|排水盤洩水坡度測試|濾網壓差計安裝確認|[TAB] 風量測試與設計值誤差 < 10%
tab6,空調箱安裝工程,空調箱安裝工程,空調箱安裝工程,避震墊 50mmt:294|不鏽鋼蝶閥 (齒輪式) Φ65:62|不鏽鋼蝶閥 (齒輪式) Φ80:62|不鏽鋼蝶閥 (齒輪式) Φ100:37|Y型過濾器 Φ50:8|Y型過濾器 Φ65:20|Y型過濾器 Φ80:18|Y型過濾器 Φ100:3|高壓橡膠防震軟管 Φ50:16|高壓橡膠防震軟管 Φ65:40|高壓橡膠防震軟管 Φ80:36|高壓橡膠防震軟管 Φ100:6|不鏽鋼球塞閥 Φ20:98|不鏽鋼球塞閥 Φ40:4|不鏽鋼球塞閥 Φ50:30|多功能流量平衡閥 Φ50:8|多功能流量平衡閥 Φ65:20|多功能流量平衡閥 Φ80:18|多功能流量平衡閥 Φ100:3|不銹鋼 4吋 溫度計:98|不銹鋼 4吋 充油壓力錶:98|防火風門:98|帆布防震接頭:98,銘牌規格與設計相符|管路流向標示
tab7,MP-51,MP-51,功用=系統電力源頭、變壓轉供與功因補償中心|負載=空氣斷路器 (ACB) 與電力電容器 (SC),ACB 3-2000-1800 65KA/480V:1台|集合式多功能電表:1只|PT 480V/220V 1000VA:2只|CT 600V 1600/5A:3只|多功能APFR-7段:1只|NFB 3-250AF-150AT 50KA/480V:6只|MC 3Φ 380V 240A(電容器專用):6只|SC 3Φ 600V 75KVAR(油式):6只|CS CB操作開關:1只|LED指示燈:2只|FUSE(含座):9只,現場測試報告：精確度、檢查表|連續性測試|絕緣測試|控制、劑量及保護功能測試
tab7,MP-52,MP-52,功用=系統電力源頭、變壓轉供與功因補償中心|負載=空氣斷路器 (ACB) 與電力電容器 (SC),ACB 3-2000-1800 65KA/480V:1台|集合式多功能電表:1只|PT 480V/220V 1000VA:2只|CT 600V 1600/5A:3只|多功能APFR-7段:1只|NFB 3-250AF-150AT 50KA/480V:6只|MC 3Φ 380V 240A(電容器專用):6只|SC 3Φ 600V 75KVAR(油式):6只|CS CB操作開關:1只|LED指示燈:2只|FUSE(含座):9只,現場測試報告：精確度、檢查表|連續性測試|絕緣測試|控制、劑量及保護功能測試
tab7,MP-53,MP-53,功用=系統電力源頭、變壓轉供與功因補償中心|負載=空氣斷路器 (ACB) 與電力電容器 (SC),NFB 3-100AF-50AT 20KA/480V:1只|NFB 3-100AF-100AT 20KA/220V:1只|NFB 3-100AF-75AT 20KA/220V:1只|NFB 3-100AF-30AT 20KA/220V:1只|NFB 2-100AF-100AT 20KA/220V:8只|膠注油式變壓器30KVA:1台,現場測試報告：精確度、檢查表|連續性測試|絕緣測試|控制、劑量及保護功能測試
tab7,ACP-5,ACP-5,"功用=負責儲冰系統一次側的流體循環動力|負載=冷卻水泵 (CWP-13)、冰水泵 (CHP-13)、滷水泵 (BWP-1~3) 及變頻滷水泵 (BWP-4, 5)",2.5/2.5T粉體烤漆2.5/2.5T粉體烤漆洛地型附中門箱體:1座:1座|NFB 3-800AF-700AT 20KA/480V:1只|NFB 3-100AF-20AT~100AT 20KA/480V:21只|MS 3Φ 480V 45kW:3只|MS 3Φ 480V 30kW:5只|MS 3Φ 480V 22kW:3只|MS 3Φ 480V 7.5kW:7只|變頻器 480V 30kW:2只|變頻器 480V 7.5kW:7只|集合式數位電表(RS485):1只|比流器5A:3只|盤內照明 LED 5W:1盞,現場測試報告：精確度、檢查表|連續性測試|絕緣測試|控制、劑量及保護功能測試
tab7,ACP-51,ACP-51,功用=供應儲冰槽內部運轉與攪拌動力|負載=8 座動態式儲冰槽 (IST-1) 內部攪拌馬達及相關控制元件,2.5/2.5T粉體烤漆洛地型附中門箱體:1座|NFB 3-100AF-20AT~60AT 20KA/480V:11只|MS 3Φ 480V 2.2kW:8只|變頻器 480V 2.2kW:8只|盤內照明 LED 5W:1盞,現場測試報告：精確度、檢查表|連續性測試|絕緣測試|控制、劑量及保護功能測試
tab7,ACP-6,ACP-6,功用=負責一般空調水系統與區域供應的循環動力|負載=冷卻水泵 (CWP-46)、冰水泵 (CHP-46) 及變頻區域冰水泵 (ZP-1~6)。,2.5/2.5T粉體烤漆2.5/2.5T粉體烤漆洛地型附中門箱體:1座:1座|NFB 3-600AF-500AT 20KA/480V:1只|NFB 3-100AF-30AT~75AT 20KA/480V:14只|MS 3Φ 480V 22kW:3只|MS 3Φ 480V 18.5kW:3只|MS 3Φ 480V 15kW:6只|變頻器 480V 18.5kW:3只|變頻器 480V 15kW:6只|集合式數位電表(RS485):1只|比流器5A:3只|盤內照明 LED 5W:1盞,現場測試報告：精確度、檢查表|連續性測試|絕緣測試|控制、劑量及保護功能測試
tab7,ACP-71,ACP-71,功用=供應各樓層大型空調箱 (AHU) 的主電力|負載=分區內各型大型空調箱馬達。,2.5/2.5T粉體烤漆洛地型附中門箱體:1座|NFB 3-250AF-250AT 20KA/480V:2只|NFB 3-100AF-15AT~100AT 20KA/480V:7只|MS 3Φ 480V 90kW:1只|MS 3Φ 480V 45kW:1只|MS 3Φ 480V 30kW:1只|MS 3Φ 480V 11kW:1只|MS 3Φ 480V 3.7kW:1只|集合式數位電表(RS485):1只|比流器5A:3只|現場壁掛型箱體:3座|現場箱內 NFB 3-100AF-15AT~100AT 20KA/480V:5只,現場測試報告：精確度、檢查表|連續性測試|絕緣測試|控制、劑量及保護功能測試
tab7,ACP-72,ACP-72,功用=供應各樓層大型空調箱 (AHU) 的主電力|負載=分區內各型大型空調箱馬達。,2.5/2.5T粉體烤漆洛地型附中門箱體:1座|NFB 3-400AF-400AT 20KA/480V:1只|NFB 3-100AF-15AT~50AT 20KA/480V:17只|MS 3Φ 480V 20kW:1只|MS 3Φ 480V 15kW:7只|MS 3Φ 380 11kW:7只|MS 3Φ 480V 5.5kW:1只|MS 3Φ 480V 3.75kW:1只|集合式數位電表(RS485):1只|比流器5A:3只|現場壁掛型箱體:13座|現場箱內 NFB 3-100AF-15AT~100AT 20KA/480V:17只,現場測試報告：精確度、檢查表|連續性測試|絕緣測試|控制、劑量及保護功能測試
tab7,ACP-81,ACP-81,功用=供應各樓層大型空調箱 (AHU) 的主電力|負載=分區內各型大型空調箱馬達。,2.5/2.5T粉體烤漆洛地型附中門箱體:1座|NFB 3-250AF-250AT 20KA/480V:2只|NFB 3-100AF-15AT~100AT 20KA/480V:9只|MS 3Φ 480V 60kW:1只|MS 3Φ 480V 45kW:1只|MS 3Φ 480V 24kW:1只|MS 3Φ 480V 7.5kW:3只|集合式數位電表(RS485):1只|比流器5A:3只|現場壁掛型箱體:4座|現場箱內 NFB 3-100AF-15AT~100AT 20KA/480V:7只,現場測試報告：精確度、檢查表|連續性測試|絕緣測試|控制、劑量及保護功能測試
tab7,ACP-82,ACP-82,功用=供應各樓層大型空調箱 (AHU) 的主電力|負載=分區內各型大型空調箱馬達。,2.5/2.5T粉體烤漆洛地型附中門箱體:1座|NFB 3-400AF-400AT 20KA/480V:1只|NFB 3-100AF-15AT~40AT 20KA/480V:19只|MS 3Φ 380 22kW:1只|MS 3Φ 380 15kW:5只|MS 3Φ 480V 11kW:11只|MS 3Φ 380 5.5kW:2只|集合式數位電表(RS485):1只|比流器5A:3只|現場壁掛型箱體:15座|現場箱內 NFB 3-100AF-15AT~100AT 20KA/480V:19只,現場測試報告：精確度、檢查表|連續性測試|絕緣測試|控制、劑量及保護功能測試
tab7,ACP-91,ACP-91,功用=供應各樓層大型空調箱 (AHU) 的主電力|負載=分區內各型大型空調箱馬達。,2.5/2.5T粉體烤漆洛地型附中門箱體:1座|NFB 3-400AF-300AT 20KA/480V:2只|NFB 3-100AF-15AT~100AT 20KA/480V:8只|MS 3Φ 480V 60kW:1只|MS 3Φ 480V 45kW:3只|MS 3Φ 480V 7.5kW:2只|集合式數位電表(RS485):1只|比流器5A:3只|現場壁掛型箱體:4座|現場箱內 NFB 3-100AF-15AT~100AT 20KA/480V:6只,現場測試報告：精確度、檢查表|連續性測試|絕緣測試|控制、劑量及保護功能測試
tab7,ACP-92,ACP-92,功用=供應各樓層大型空調箱 (AHU) 的主電力|負載=分區內各型大型空調箱馬達。,2.5/2.5T粉體烤漆洛地型附中門箱體:1座|NFB 3-400AF-400AT 20KA/480V:1只|NFB 3-100AF-15AT~30AT 20KA/480V:16只|MS 3Φ 480V 22kW:4只|MS 3Φ 380 15kW:1只|MS 3Φ 380 11kW:10只|MS 3Φ 480V 5.5kW:1只|集合式數位電表(RS485):1只|比流器5A:3只|現場壁掛型箱體:15座|現場箱內 NFB 3-100AF-15AT~100AT 20KA/480V:16只,現場測試報告：精確度、檢查表|連續性測試|絕緣測試|控制、劑量及保護功能測試
tab7,ACP-10,ACP-10,"功用=負責系統環境輔助控制，如排氣與除濕|負載=箱型式除濕機 (DH-1, 2) 與各式排風機 (EF)",2.5/2.5T粉體烤漆洛地型附中門箱體:1座|NFB 3-100AF-75AT 20KA/220V:1只|NFB 2-100AF-30AT 20KA/220V:14只|MS 3Φ 220V 3.75kW:13只|集合式數位電表(RS485):1只|比流器5A:3只,現場測試報告：精確度、檢查表|連續性測試|絕緣測試|控制、劑量及保護功能測試
tab7," ACP-11",ACP-11,"功用=負責系統環境輔助控制，如排氣與除濕|負載=箱型式除濕機 (DH-1, 2) 與各式排風機 (EF)",2.5/2.5T粉體烤漆洛地型附中門箱體:1座|NFB 3-225AF-50AT 20KA/480V:1只|NFB 3-100AF-15AT~30AT 20KA/480V:17只|MS 3Φ 480V 7.5kW:1只|MS 3Φ 480V 0.75kW:16只|集合式數位電表(RS485):1只|比流器5A:3只,現場測試報告：精確度、檢查表|連續性測試|絕緣測試|控制、劑量及保護功能測試
tab7,ACP-12,ACP-12,"功用=負責系統環境輔助控制，如排氣與除濕|負載=箱型式除濕機 (DH-1, 2) 與各式排風機 (EF)",2.5/2.5T粉體烤漆洛地型附中門箱體:1座|NFB 3-225AF-200AT 20KA/480V:1只|NFB 3-100AF-15AT~50AT 20KA/480V:22只|MS 3Φ 480V 15kW:4只|MS 3Φ 480V 5.5kW:2只|MS 3Φ 480V 3.75kW:2只|MS 3Φ 480V 2.2kW:14只|集合式數位電表(RS485):1只|比流器5A:3只,現場測試報告：精確度、檢查表|連續性測試|絕緣測試|控制、劑量及保護功能測試
tab7,RF-ACP PANE,RF-ACP PANE,"功用=供應屋頂氣冷式系統電力|負載=氣冷變頻式冰水主機 (ACH-1, 2, 3)",SUS#304粉體烤漆箱體:1座|NFB 3-250AF-250AT 20KA/480V:1只|NFB 3-100AF-100AT 20KA/480V:4只,現場測試報告：精確度、檢查表|連續性測試|絕緣測試|控制、劑量及保護功能測試
tab7,ACP-103P,ACP-103P,功用=針對蒐藏庫提供獨立且穩定的空調電力|負載=i103 蒐藏庫專用空調箱、送風機 (FCU) 及相關控制器,"1.5T粉體烤漆2.5/2.5T粉體烤漆洛地型附中門箱體:1座|NFB 3-100AF-50AT~20KA/480V:1只|NFB 2-100AF-15KA/220V:2只|MS 3Φ 480V 2.2kW:2只|CPU控制器及I/O擴充模組:1組|7"" TFT 觸控人機控制面板:1組",現場測試報告：精確度、檢查表|連續性測試|絕緣測試|控制、劑量及保護功能測試
tab7,吸頂式平板燈具,吸頂式平板燈具,38W|110Lm/W,吸頂式平板燈具:28,銘牌規格與設計相符
tab7,圓形天井燈形燈具,圓形天井燈形燈具,100W,圓形天井燈形燈具:30,銘牌規格與設計相符
tab8,DH-1-01,DH-1 箱型除溼機 #1,除濕量=≥ 384 L/D|電源=三相 380V/60Hz|電功率=5.54 kW|壓縮機形式=渦卷式|冷媒=R-410a|風機=內置散風機 + Fin coil|控制=中央監控 + 液位/排水警報,箱型除溼機:1|橡膠式避震墊及摯震裝置:1,銘牌規格與設計相符|冷凝水排放順暢
tab8,DH-1-02,DH-1 箱型除溼機 #2,除濕量=≥ 384 L/D|電源=三相 380V/60Hz|電功率=5.54 kW|壓縮機形式=渦卷式|冷媒=R-410a|風機=內置散風機 + Fin coil|控制=中央監控 + 液位/排水警報,箱型除溼機:1|橡膠式避震墊及摯震裝置:1,銘牌規格與設計相符|冷凝水排放順暢
tab8,DH-1-03,DH-1 箱型除溼機 #3,除濕量=≥ 384 L/D|電源=三相 380V/60Hz|電功率=5.54 kW|壓縮機形式=渦卷式|冷媒=R-410a|風機=內置散風機 + Fin coil|控制=中央監控 + 液位/排水警報,箱型除溼機:1|橡膠式避震墊及摯震裝置:1,銘牌規格與設計相符|冷凝水排放順暢
tab8,DH-1-04,DH-1 箱型除溼機 #4,除濕量=≥ 384 L/D|電源=三相 380V/60Hz|電功率=5.54 kW|壓縮機形式=渦卷式|冷媒=R-410a|風機=內置散風機 + Fin coil|控制=中央監控 + 液位/排水警報,箱型除溼機:1|橡膠式避震墊及摯震裝置:1,銘牌規格與設計相符|冷凝水排放順暢
tab8,DH-1-05,DH-1 箱型除溼機 #5,除濕量=≥ 384 L/D|電源=三相 380V/60Hz|電功率=5.54 kW|壓縮機形式=渦卷式|冷媒=R-410a|風機=內置散風機 + Fin coil|控制=中央監控 + 液位/排水警報,箱型除溼機:1|橡膠式避震墊及摯震裝置:1,銘牌規格與設計相符|冷凝水排放順暢
tab8,DH-1-06,DH-1 箱型除溼機 #6,除濕量=≥ 384 L/D|電源=三相 380V/60Hz|電功率=5.54 kW|壓縮機形式=渦卷式|冷媒=R-410a|風機=內置散風機 + Fin coil|控制=中央監控 + 液位/排水警報,箱型除溼機:1|橡膠式避震墊及摯震裝置:1,銘牌規格與設計相符|冷凝水排放順暢
tab8,DH-1-07,DH-1 箱型除溼機 #7,除濕量=≥ 384 L/D|電源=三相 380V/60Hz|電功率=5.54 kW|壓縮機形式=渦卷式|冷媒=R-410a|風機=內置散風機 + Fin coil|控制=中央監控 + 液位/排水警報,箱型除溼機:1|橡膠式避震墊及摯震裝置:1,銘牌規格與設計相符|冷凝水排放順暢
tab8,DH-1-08,DH-1 箱型除溼機 #8,除濕量=≥ 384 L/D|電源=三相 380V/60Hz|電功率=5.54 kW|壓縮機形式=渦卷式|冷媒=R-410a|風機=內置散風機 + Fin coil|控制=中央監控 + 液位/排水警報,箱型除溼機:1|橡膠式避震墊及摯震裝置:1,銘牌規格與設計相符|冷凝水排放順暢
tab8,DH-1-09,DH-1 箱型除溼機 #9,除濕量=≥ 384 L/D|電源=三相 380V/60Hz|電功率=5.54 kW|壓縮機形式=渦卷式|冷媒=R-410a|風機=內置散風機 + Fin coil|控制=中央監控 + 液位/排水警報,箱型除溼機:1|橡膠式避震墊及摯震裝置:1,銘牌規格與設計相符|冷凝水排放順暢
tab8,DH-1-10,DH-1 箱型除溼機 #10,除濕量=≥ 384 L/D|電源=三相 380V/60Hz|電功率=5.54 kW|壓縮機形式=渦卷式|冷媒=R-410a|風機=內置散風機 + Fin coil|控制=中央監控 + 液位/排水警報,箱型除溼機:1|橡膠式避震墊及摯震裝置:1,銘牌規格與設計相符|冷凝水排放順暢
tab8,DH-2-01,DH-2 箱型除溼機 #1,除濕量需=≥ 216 L/D|電源=三相 380V/60Hz|電功率為 3.16 kW|壓縮機形式=渦卷式|冷媒=R-410a|風機=內置散風機 + Fin coil|控制=中央監控 + 液位/排水警報,箱型除溼機:1|橡膠式避震墊及摯震裝置:1,銘牌規格與設計相符|冷凝水排放順暢
tab8,DH-2-02,DH-2 箱型除溼機 #2,除濕量需=≥ 216 L/D|電源=三相 380V/60Hz|電功率為 3.16 kW|壓縮機形式=渦卷式|冷媒=R-410a|風機=內置散風機 + Fin coil|控制=中央監控 + 液位/排水警報,箱型除溼機:1|橡膠式避震墊及摯震裝置:1,銘牌規格與設計相符|冷凝水排放順暢
tab9,CET-1,CET-1 滷水膨脹水箱,類型=圓桶密閉囊袋式|容量=750 L|用途=存放 25% W.T.乙二醇|材質=碳鋼|備註=含1000L滷水混合桶槽及補給泵,滷水膨脹水箱:1|1000L滷水混合槽:1|補給泵:1,安裝於平整基座並確實固定，且其設置高度需高於系統最高點|補給水管、溢流管及排水管應依規定引接至最近之地漏或排水處|自動補給水閥是否能正確啟閉|測試高/低液位警報訊號是否能傳輸至監控系統|滿水試驗，確認接頭及箱體無漏水現象
tab9,EXT-1,EXT-1 冰水膨脹水箱,類型=開放式FRP|容量=1200 L|用途=冰水系統|數量=1,冰水膨脹水箱1200L:1,安裝於平整基座並確實固定，且其設置高度需高於系統最高點|補給水管、溢流管及排水管應依規定引接至最近之地漏或排水處|自動補給水閥是否能正確啟閉|測試高/低液位警報訊號是否能傳輸至監控系統|滿水試驗，確認接頭及箱體無漏水現象
tab9,EXT-2,EXT-2 冰水膨脹水箱,類型=開放式FRP|容量=400 L|用途=冰水系統|數量=2,冰水膨脹水箱400L:2,安裝於平整基座並確實固定，且其設置高度需高於系統最高點|補給水管、溢流管及排水管應依規定引接至最近之地漏或排水處|自動補給水閥是否能正確啟閉|測試高/低液位警報訊號是否能傳輸至監控系統|滿水試驗，確認接頭及箱體無漏水現象
tab9,EXT-3,EXT-3 冰水膨脹水箱,類型=開放式FRP|容量=200 L|用途=冰水系統|數量=4,冰水膨脹水箱200L:4,安裝於平整基座並確實固定，且其設置高度需高於系統最高點|補給水管、溢流管及排水管應依規定引接至最近之地漏或排水處|自動補給水閥是否能正確啟閉|測試高/低液位警報訊號是否能傳輸至監控系統|滿水試驗，確認接頭及箱體無漏水現象
tab10,水處理加藥系統,水處理加藥系統,冷卻水處理=抑制水垢、抗腐蝕、抑制退伍軍人症、除澡類及真菌,電極式水垢處理機:2|電極網:2|冷凝水樣品分析報告:1|化學定量泵(含加藥桶):2|電動球塞閥直結型 20A:8|流動開關:3|戶外型不鏽鋼控制箱:1|殺菌除蚤劑:900KG|溴氯錠(含氯50%以上):2400|腐蝕抑制劑:450KG,電導度控制排水|指示燈功能|每一冷凝水系統6次測試報告|各種藥劑的相容性證明
tab11,DOC-TAB,TAB 測試調整平衡報告,標準=NEBB Procedural Standards|內容=風側 + 水側|允許值|風機設備=+10%|出風口、進風口=±10%|水泵浦流量=+10%,TAB 測試調整平衡計畫書:1|風側系統流量平衡報告書:1|水側系統流量平衡報告書:1,定風量空調系統|定水量系統|變水量系統|一次測及二次側水系統
tab11,DOC-CX,CX 設備系統確校驗證報告,空調系統性能確認Commissioning，(簡稱 CX)=是以書面文件鑑定系統與設備的施工、安裝及啟動運轉是否符合契約要求與設計原意的程序|單體設備測試=確認設備依操作說明書啟動並運轉正常|子系統測試=確認風管或水管子系統的設定點、感測值、設定調整反應、連鎖及保護動作符合預期|全系統整合測試=確認整體空間控制條件（如溫濕度）、信號傳輸、噪音及振動是否符合設計與法規要求|負荷模擬測試=若因季節因素無法進行實際負荷測試，可採調整設定參數的方式測試系統的正逆向反應|對 TAB 報告的抽測與驗證=抽測點數應為總量測數量的 5% 至 20%,CX 設備系統確校驗證計畫書:1|CX 設備系統確校驗證報告書:1,冷熱源產生設備|熱排放與熱回收設備|風管系統|水管系統|空調控制系統|空調配電系統|與其他系統的相關介面